Country,Year,Status,Life expectancy ,Adult Mortality,infant deaths,Alcohol,percentage expenditure,Hepatitis B,Measles , BMI ,under-five deaths ,Polio,Total expenditure,Diphtheria , HIV/AIDS,GDP,Population,Income composition of resources
Afghanistan,2010,Developing,58.8,279.0,74,0.01,79.67936736,66.0,1989,16.7,102,66.0,9.2,66.0,0.1,553.32894,2883167.0,0.448
Albania,2010,Developing,76.2,91.0,1,5.28,41.82275719,99.0,10,54.3,1,99.0,5.34,99.0,0.1,494.358832,291321.0,0.725
Algeria,2010,Developing,74.7,119.0,21,0.45,430.7175861,95.0,103,53.9,24,95.0,5.12,95.0,0.1,4463.394675,36117637.0,0.714
Angola,2010,Developing,49.6,365.0,78,7.8,191.6537407,77.0,1190,2.4,121,81.0,3.39,77.0,2.5,3529.53482,23369131.0,0.488
Antigua and Barbuda,2010,Developing,75.6,138.0,0,7.84,1983.956937,98.0,0,44.4,0,99.0,5.63,98.0,0.1,12126.87614,12753375.120052494,0.783
Argentina,2010,Developing,75.5,121.0,10,8.15,187.610955,94.0,17,59.8,11,95.0,6.55,94.0,0.1,1276.265,41223889.0,0.802
Armenia,2010,Developing,73.5,132.0,1,4.23,224.3212014,94.0,2,51.2,1,96.0,4.56,94.0,0.1,3218.381655,2877311.0,0.72
Australia,2010,Developed,81.9,64.0,1,10.52,8875.786493,92.0,70,63.9,1,92.0,9.2,92.0,0.1,51874.848,223175.0,0.927
Austria,2010,Developed,84.0,75.0,0,12.1,7423.228774,86.0,52,55.2,0,86.0,11.17,86.0,0.1,46657.629,836344.0,0.872
Azerbaijan,2010,Developing,71.1,13.0,5,1.98,246.5686008,8.0,0,48.0,6,85.0,5.33,81.0,0.1,5842.85784,954332.0,0.737
Bahamas,2010,Developing,75.0,161.0,0,9.19,0.0,98.0,0,61.3,0,97.0,7.44,99.0,0.2,7483.158469138474,12753375.120052494,0.788
Bahrain,2010,Developing,76.1,73.0,0,1.93,266.7696122,99.0,0,6.1,0,99.0,3.64,99.0,0.1,2722.1389,12753375.120052494,0.81
Bangladesh,2010,Developing,69.9,142.0,126,0.01,62.65945432,94.0,788,15.2,161,94.0,3.6,94.0,0.1,757.6717572,15214912.0,0.535
Barbados,2010,Developing,74.7,16.0,0,8.41,154.9630863,86.0,0,5.7,0,9.0,6.17,86.0,0.1,1595.91232,12753375.120052494,0.781
Belarus,2010,Developing,73.0,222.0,0,14.44,8.49409518,96.0,1,59.3,1,99.0,5.55,98.0,0.1,63.38877,949583.0,0.78
Belgium,2010,Developed,80.0,81.0,0,10.22,665.7356115,97.0,40,61.9,1,98.0,1.17,98.0,0.1,4438.23741,1895586.0,0.878
Belize,2010,Developing,69.5,186.0,0,6.76,569.9527122,96.0,0,47.0,0,96.0,5.85,96.0,0.2,4344.15177,32168.0,0.7
Benin,2010,Developing,58.7,254.0,25,1.33,94.25737917,76.0,392,23.0,39,77.0,4.95,76.0,1.4,757.695974,9199259.0,0.451
Bhutan,2010,Developing,67.9,228.0,1,0.28,244.0391949,91.0,21,2.3,1,92.0,5.17,91.0,0.5,2178.921383,727641.0,0.0
Bolivia (Plurinational State of),2010,Developing,68.7,22.0,9,3.95,0.0,91.0,0,49.3,12,9.0,5.44,91.0,0.2,7483.158469138474,12753375.120052494,0.643
Bosnia and Herzegovina,2010,Developing,76.4,94.0,0,4.54,630.3883564,89.0,45,53.1,0,9.0,9.58,89.0,0.1,4611.47298,372284.0,0.717
Botswana,2010,Developing,61.1,349.0,2,5.99,547.0386679,95.0,853,35.2,3,96.0,5.64,95.0,6.2,6346.15624,214866.0,0.669
Brazil,2010,Developing,73.8,154.0,54,7.52,1111.191325,96.0,68,52.0,61,99.0,8.27,99.0,0.1,11224.1548,196796269.0,0.716
Brunei Darussalam,2010,Developing,76.9,79.0,0,0.88,2218.364226,96.0,0,36.2,0,99.0,2.73,95.0,0.1,35268.1117,12753375.120052494,0.845
Bulgaria,2010,Developed,73.4,147.0,1,10.8,766.4454884,95.0,22004,62.7,1,94.0,7.24,94.0,0.1,6843.263289,7395599.0,0.77
Burkina Faso,2010,Developing,57.5,279.0,43,4.55,90.46018236,91.0,2511,16.6,74,9.0,7.17,91.0,1.0,575.4464527,1565217.0,0.365
Burundi,2010,Developing,56.8,33.0,23,4.16,31.14187566,96.0,495,16.1,34,94.0,8.82,96.0,1.9,231.1943256,876693.0,0.361
CÃ´te d'Ivoire,2010,Developing,51.5,417.0,60,3.15,0.0,85.0,441,25.0,84,81.0,6.32,85.0,3.3,7483.158469138474,12753375.120052494,0.6275510645976182
Cabo Verde,2010,Developing,72.5,123.0,0,4.75,286.8907303,98.0,0,27.5,0,99.0,4.83,99.0,0.4,3312.825985,52384.0,0.627
Cambodia,2010,Developing,66.6,192.0,14,2.2,56.88416481,89.0,1156,16.4,16,88.0,5.95,89.0,0.5,785.6928841,143874.0,0.519
Cameroon,2010,Developing,55.3,37.0,53,6.15,100.8987451,84.0,240,26.0,82,83.0,5.28,84.0,5.5,1182.869227,1997495.0,0.48
Canada,2010,Developing,81.2,7.0,2,8.4,8649.674911,56.0,99,64.1,2,88.0,11.2,89.0,0.1,47447.4762,345274.0,0.898
Central African Republic,2010,Developing,49.2,446.0,17,1.67,43.48359197,45.0,2,2.2,24,46.0,3.9,45.0,6.6,446.4434494,4448525.0,0.352
Chad,2010,Developing,51.2,364.0,46,0.5,43.57328908,39.0,194,17.1,80,43.0,2.95,39.0,4.1,896.5697341,1188722.0,0.36
Chile,2010,Developing,79.1,89.0,2,7.93,177.4925143,92.0,0,6.6,2,92.0,6.97,92.0,0.1,1286.17764,16993354.0,0.815
China,2010,Developing,75.0,92.0,231,5.75,5.660754839,99.0,38159,28.1,268,99.0,4.89,99.0,0.1,456.512487,133775.0,0.691
Colombia,2010,Developing,73.6,15.0,12,4.28,113.2436346,88.0,0,54.2,15,88.0,6.76,88.0,0.1,625.65544,4591897.0,0.695
Comoros,2010,Developing,61.8,246.0,2,0.15,47.30421873,74.0,0,21.6,2,82.0,5.82,74.0,0.1,769.1742883,689692.0,0.476
Congo,2010,Developing,62.0,298.0,7,3.53,0.0,74.0,4,24.5,10,72.0,2.29,74.0,3.8,7483.158469138474,12753375.120052494,0.548
Costa Rica,2010,Developing,78.1,16.0,1,3.58,2377.010299,89.0,0,55.5,1,93.0,9.66,88.0,0.1,8199.414621,454528.0,0.749
Croatia,2010,Developed,76.6,16.0,0,12.1,206.8868182,97.0,7,6.6,0,97.0,8.25,97.0,0.1,1355.74586,4417781.0,0.803
Cuba,2010,Developing,78.0,98.0,1,4.13,787.2808163,96.0,0,57.7,1,99.0,1.19,96.0,0.1,5676.14143,12753375.120052494,0.784
Cyprus,2010,Developed,79.5,59.0,0,11.32,283.3300258,96.0,18,57.8,0,99.0,7.23,99.0,0.1,3818.46396,111267.0,0.853
Czechia,2010,Developed,77.5,99.0,0,12.69,0.0,99.0,0,63.6,0,99.0,7.43,99.0,0.1,7483.158469138474,12753375.120052494,0.6275510645976182
Democratic People's Republic of Korea,2010,Developing,69.0,157.0,8,3.12,0.0,93.0,0,3.3,10,99.0,5.9381895280235995,93.0,0.1,7483.158469138474,12753375.120052494,0.6275510645976182
Democratic Republic of the Congo,2010,Developing,57.4,283.0,239,1.81,0.0,6.0,5407,19.1,321,76.0,4.4,6.0,1.6,7483.158469138474,12753375.120052494,0.6275510645976182
Denmark,2010,Developed,79.2,84.0,0,10.28,954.4865933,80.94046121593291,5,57.0,0,9.0,11.8,9.0,0.1,5841.41122,5547683.0,0.906
Djibouti,2010,Developing,61.3,273.0,1,0.44,187.4960097,88.0,7,32.2,2,88.0,8.84,88.0,3.1,1325.99724,851146.0,0.441
Dominican Republic,2010,Developing,72.7,166.0,6,6.02,664.5585242,83.0,0,53.6,8,85.0,4.6,88.0,0.9,5451.6696,9897985.0,0.697
Ecuador,2010,Developing,75.0,134.0,7,3.95,367.9285652,9.0,0,5.7,8,88.0,5.9,91.0,0.1,4657.32361,1493469.0,0.703
Egypt,2010,Developing,70.0,173.0,54,0.22,0.0,97.0,16,57.0,64,97.0,4.8,97.0,0.1,7483.158469138474,12753375.120052494,0.665
El Salvador,2010,Developing,72.0,191.0,2,2.36,469.3904193,89.0,0,52.8,2,89.0,6.91,89.0,0.3,3474.392445,6164626.0,0.662
Equatorial Guinea,2010,Developing,56.1,339.0,3,9.93,1192.696619,80.94046121593291,0,22.1,4,59.0,3.84,44.0,7.2,17136.44568,95114.0,0.589
Eritrea,2010,Developing,62.1,298.0,6,0.61,17.35739784,9.0,51,16.0,9,9.0,3.24,9.0,0.9,482.14994,43984.0,0.404
Estonia,2010,Developing,75.6,137.0,0,14.97,1802.017593,94.0,0,57.6,0,94.0,6.25,94.0,0.1,14638.6482,1331475.0,0.833
Ethiopia,2010,Developing,61.8,261.0,162,1.34,67.73374413,62.0,4235,15.6,243,69.0,6.86,61.0,1.7,341.39992,877267.0,0.401
Fiji,2010,Developing,69.1,2.0,0,2.25,62.08343533,99.0,0,58.7,0,99.0,4.23,99.0,0.1,3651.966784,85995.0,0.706
Finland,2010,Developing,79.9,89.0,0,9.72,591.6691405,80.94046121593291,5,6.2,0,99.0,9.5,99.0,0.1,4622.41516,5363352.0,0.874
France,2010,Developing,81.3,86.0,3,11.7,72.8001211,65.0,5048,6.1,3,99.0,11.2,99.0,0.1,473.34279,6527512.0,0.879
Gabon,2010,Developing,62.3,294.0,2,8.85,145.318282,67.0,1,33.5,3,68.0,3.41,67.0,7.0,8754.113376,16421.0,0.66
Gambia,2010,Developing,59.3,284.0,3,3.48,0.0,97.0,2,24.1,6,97.0,5.75,97.0,2.1,7483.158469138474,12753375.120052494,0.439
Georgia,2010,Developing,73.8,132.0,1,7.24,194.1732658,95.0,22,52.0,1,88.0,1.5,92.0,0.1,2964.47734,3926.0,0.738
Germany,2010,Developed,81.0,76.0,2,11.2,7584.078579,88.0,780,59.9,3,94.0,11.25,95.0,0.1,41785.55691,8177693.0,0.907
Ghana,2010,Developing,69.0,267.0,40,1.69,195.9824626,94.0,641,25.5,59,94.0,5.33,94.0,1.9,1312.67557,2451214.0,0.547
Greece,2010,Developing,83.0,76.0,0,9.0,3189.754439,95.0,149,63.7,0,99.0,9.18,99.0,0.1,26917.75898,11121341.0,0.859
Grenada,2010,Developing,72.6,154.0,0,7.91,145.8401998,97.0,0,43.9,0,94.0,6.41,97.0,0.1,7365.666659,12753375.120052494,0.0
Guatemala,2010,Developing,77.0,196.0,12,2.14,443.3248254,94.0,0,47.2,14,94.0,6.64,94.0,0.4,2825.5247,1463417.0,0.602
Guinea,2010,Developing,57.8,291.0,29,0.2,29.74734049,64.0,45,2.8,44,62.0,4.55,64.0,2.2,438.7513346,179417.0,0.38
Guinea-Bissau,2010,Developing,56.7,287.0,4,3.21,53.30782696,83.0,26,23.1,7,82.0,6.7,83.0,5.9,543.957418,155588.0,0.405
Guyana,2010,Developing,65.9,221.0,0,7.52,48.02859441,95.0,0,42.4,1,95.0,6.6,95.0,0.4,326.281212,746556.0,0.618
Haiti,2010,Developing,36.3,682.0,23,5.76,36.2929176,80.94046121593291,0,44.2,58,66.0,8.9,66.0,1.9,662.2795182,9999617.0,0.47
Honduras,2010,Developing,73.6,156.0,4,3.1,302.1057507,97.0,0,46.8,5,97.0,8.45,97.0,0.4,1932.85829,8194778.0,0.606
Hungary,2010,Developed,74.5,156.0,0,10.78,19.22023996,80.94046121593291,0,61.7,1,99.0,7.85,99.0,0.1,1325.53379,123.0,0.817
Iceland,2010,Developed,81.8,53.0,0,8.25,6005.575763,80.94046121593291,0,58.9,0,96.0,8.86,96.0,0.1,41676.44527,31841.0,0.894
India,2010,Developing,66.4,196.0,1200,2.77,57.73359864,38.0,31458,15.9,1600,76.0,4.28,79.0,0.2,1345.77153,12398691.0,0.569
Indonesia,2010,Developing,68.1,187.0,138,0.08,190.5453646,83.0,18869,22.9,167,82.0,2.74,81.0,0.3,3113.48635,242524123.0,0.656
Iran (Islamic Republic of),2010,Developing,74.1,16.0,22,0.03,0.0,99.0,538,53.6,26,99.0,8.2,99.0,0.1,7483.158469138474,12753375.120052494,0.735
Iraq,2010,Developing,76.0,145.0,32,0.19,21.82252494,72.0,492,55.8,39,74.0,3.82,74.0,0.1,452.74948,376271.0,0.646
Ireland,2010,Developed,86.0,68.0,0,11.88,4509.234803,46.0,443,58.9,0,94.0,8.76,94.0,0.1,48538.58776,456155.0,0.907
Israel,2010,Developing,81.7,61.0,1,2.63,409.4109292,97.0,23,63.0,1,95.0,7.36,95.0,0.1,3661.994,76236.0,0.878
Italy,2010,Developed,81.8,6.0,2,6.95,5219.668802,96.0,372,61.0,2,96.0,9.42,96.0,0.1,35849.37364,59277417.0,0.869
Jamaica,2010,Developing,75.0,138.0,1,3.55,396.6270975,94.0,0,5.5,1,94.0,5.3,94.0,0.5,4682.728424,281721.0,0.721
Japan,2010,Developed,83.0,62.0,3,6.9,863.0061491,80.94046121593291,450,26.9,4,98.0,9.58,97.0,0.1,4457.67639,1287.0,0.879
Jordan,2010,Developing,73.4,117.0,4,0.51,715.9709092,98.0,0,61.7,4,98.0,8.42,98.0,0.1,3679.19275,718239.0,0.739
Kazakhstan,2010,Developing,67.8,236.0,7,6.83,11.1516268,99.0,4,49.2,8,98.0,4.42,99.0,0.1,97.649972,16321581.0,0.763
Kenya,2010,Developing,63.0,294.0,61,1.73,56.58984221,9.0,95,18.9,89,9.0,3.97,9.0,4.3,967.34773,4135152.0,0.523
Kiribati,2010,Developing,65.3,27.0,0,0.48,18.21661422,91.0,0,75.2,0,95.0,1.52,91.0,0.1,1493.1651,12652.0,0.584
Kuwait,2010,Developing,74.0,86.0,1,0.01,2009.575605,99.0,13,68.4,1,98.0,2.76,98.0,0.1,38497.61696,12753375.120052494,0.79
Kyrgyzstan,2010,Developing,68.8,199.0,4,2.73,0.0,96.0,0,4.7,4,88.0,6.66,96.0,0.1,7483.158469138474,12753375.120052494,0.631
Lao People's Democratic Republic,2010,Developing,63.6,218.0,10,5.95,0.0,74.0,153,18.0,13,76.0,2.75,74.0,0.3,7483.158469138474,12753375.120052494,0.535
Latvia,2010,Developed,72.8,18.0,0,9.8,1109.969508,91.0,0,58.9,0,92.0,6.55,92.0,0.1,11326.21947,297555.0,0.815
Lebanon,2010,Developing,74.9,94.0,1,1.58,805.3956346,81.0,12,63.5,1,75.0,7.19,81.0,0.1,8763.826274,4337141.0,0.752
Lesotho,2010,Developing,51.1,527.0,4,2.71,154.8705998,93.0,2488,29.7,6,92.0,1.87,93.0,13.4,1173.26212,24551.0,0.464
Liberia,2010,Developing,59.7,272.0,9,3.64,41.91052416,47.0,2200,24.5,13,71.0,11.87,7.0,1.8,327.42597,3948125.0,0.403
Libya,2010,Developing,72.8,132.0,2,0.01,52.50394196,98.0,0,59.9,2,98.0,3.5,98.0,0.1,1212.56217,12753375.120052494,0.755
Lithuania,2010,Developed,72.4,188.0,0,12.9,1423.802386,94.0,2,6.0,0,95.0,7.9,95.0,0.1,11984.86857,397282.0,0.824
Luxembourg,2010,Developed,86.0,73.0,0,11.36,2267.252192,94.0,0,59.2,0,96.0,7.68,99.0,0.1,14965.361,56953.0,0.884
Madagascar,2010,Developing,63.3,248.0,32,1.03,76.60442169,7.0,1,18.0,45,7.0,4.86,7.0,0.5,412.739341,2115164.0,0.503
Malawi,2010,Developing,52.9,462.0,35,1.08,9.728005297,93.0,118712,17.6,54,86.0,1.5,93.0,13.7,458.8681744,1516795.0,0.43
Malaysia,2010,Developing,74.1,131.0,3,0.49,65.56659662,96.0,73,35.3,4,96.0,3.99,96.0,0.1,971.356987,28112289.0,0.764
Maldives,2010,Developing,76.7,73.0,0,1.83,91.13971812,97.0,0,22.1,0,97.0,7.93,96.0,0.1,633.79498,367.0,0.653
Mali,2010,Developing,56.5,273.0,54,0.6,9.585584394,72.0,1719,2.7,91,77.0,6.35,73.0,1.5,78.377632,157585.0,0.396
Malta,2010,Developed,83.0,62.0,0,7.91,278.0687051,75.0,0,67.6,0,76.0,8.3,76.0,0.1,2187.79469,41458.0,0.819
Mauritania,2010,Developing,62.0,214.0,8,0.01,8.353074798,64.0,1292,27.4,12,52.0,3.28,64.0,1.2,123.383675,369543.0,0.484
Mauritius,2010,Developing,73.3,163.0,0,2.95,0.108055973,99.0,12,3.7,0,99.0,5.29,99.0,0.2,8.376432,1254.0,0.74
Mexico,2010,Developing,75.6,127.0,35,5.21,1033.039737,93.0,0,6.1,40,95.0,6.39,95.0,0.1,8959.581416,117318941.0,0.739
Micronesia (Federated States of),2010,Developing,68.7,171.0,0,1.76,0.0,88.0,0,66.4,0,85.0,13.83,85.0,0.1,7483.158469138474,12753375.120052494,0.633
Mongolia,2010,Developing,66.3,25.0,1,5.8,22.31624272,96.0,7,46.9,2,96.0,4.7,96.0,0.1,265.353659,271265.0,0.693
Montenegro,2010,Developing,75.3,115.0,0,6.56,635.4849381,9.0,5,59.1,0,93.0,6.9,94.0,0.1,6682.281158,619428.0,0.787
Morocco,2010,Developing,72.8,11.0,20,0.56,183.6592186,98.0,633,53.6,23,99.0,5.86,99.0,0.1,2834.2472,3249639.0,0.603
Mozambique,2010,Developing,54.0,47.0,69,0.96,5.743393664,74.0,2321,2.5,98,73.0,5.38,74.0,10.8,419.2258149,2422145.0,0.39
Myanmar,2010,Developing,65.4,29.0,49,0.3,17.48293752,92.0,190,19.8,65,9.0,1.92,9.0,0.5,987.7365832,5155896.0,0.515
Namibia,2010,Developing,63.0,299.0,3,7.58,719.5535161,83.0,3138,31.8,4,83.0,7.89,83.0,6.2,5191.58381,217317.0,0.604
Nepal,2010,Developing,68.0,178.0,23,0.24,84.62302524,82.0,190,16.4,30,83.0,6.43,82.0,0.2,592.1835216,2723137.0,0.515
Netherlands,2010,Developed,88.0,64.0,1,9.33,1035.621437,80.94046121593291,15,59.3,1,97.0,1.48,97.0,0.1,5338.25483,16615394.0,0.906
New Zealand,2010,Developed,89.0,71.0,0,9.62,6664.148708,9.0,43,64.8,0,93.0,11.2,93.0,0.1,33691.34837,12753375.120052494,0.899
Nicaragua,2010,Developing,73.2,154.0,3,3.38,302.7045411,98.0,0,5.2,3,99.0,6.58,98.0,0.1,1526.497938,5737723.0,0.614
Niger,2010,Developing,58.2,252.0,50,0.12,5.883760536,7.0,372,17.3,95,75.0,6.36,7.0,0.9,348.151511,16425578.0,0.312
Nigeria,2010,Developing,52.0,374.0,521,8.9,133.1230872,49.0,8491,22.2,817,54.0,3.47,54.0,4.8,2327.3267,158578261.0,0.492
Norway,2010,Developed,81.0,66.0,0,6.59,15268.06445,80.94046121593291,3,58.9,0,93.0,9.26,93.0,0.1,87646.75346,4889252.0,0.936
Oman,2010,Developing,75.6,16.0,1,0.56,129.2260751,99.0,3,51.8,1,99.0,2.74,99.0,0.1,1928.74739,12753375.120052494,0.797
Pakistan,2010,Developing,65.1,172.0,372,0.04,0.66751505,82.0,4321,21.9,461,82.0,3.2,82.0,0.1,14.142268,1756182.0,0.521
Panama,2010,Developing,76.5,122.0,1,6.94,1199.319976,94.0,0,54.2,2,95.0,8.5,94.0,0.1,7937.259931,3643222.0,0.756
Papua New Guinea,2010,Developing,61.8,286.0,10,0.79,18.99961966,56.0,0,44.9,14,72.0,4.18,67.0,1.1,1366.879112,718239.0,0.485
Paraguay,2010,Developing,73.2,152.0,3,5.65,359.9760397,89.0,0,46.4,3,85.0,9.1,89.0,0.1,3225.591754,629877.0,0.664
Peru,2010,Developing,73.7,14.0,10,4.72,69.43934508,93.0,0,52.2,12,92.0,5.3,93.0,0.2,522.493191,29373646.0,0.708
Philippines,2010,Developing,67.9,218.0,58,4.85,198.2563794,77.0,6368,22.6,74,78.0,4.37,79.0,0.1,2129.499242,93726624.0,0.662
Poland,2010,Developed,76.3,13.0,2,10.59,220.4916851,98.0,13,58.4,2,96.0,6.88,99.0,0.1,12599.52486,3842794.0,0.822
Portugal,2010,Developed,79.6,88.0,0,12.25,3119.349824,97.0,5,58.1,0,97.0,1.44,98.0,0.1,22538.6548,15731.0,0.812
Qatar,2010,Developing,77.3,76.0,0,1.16,37.76848819,97.0,295,66.0,0,98.0,2.9,97.0,0.1,736.22784,12753375.120052494,0.825
Republic of Korea,2010,Developing,87.0,74.0,2,9.23,0.0,94.0,114,29.5,2,95.0,6.79,94.0,0.1,7483.158469138474,12753375.120052494,0.6275510645976182
Republic of Moldova,2010,Developing,68.8,219.0,1,8.25,0.0,98.0,0,5.4,1,97.0,12.8,9.0,0.1,7483.158469138474,12753375.120052494,0.6275510645976182
Romania,2010,Developed,73.4,153.0,2,9.0,983.2518091,98.0,193,56.9,2,94.0,5.83,94.0,0.1,8297.483621,2246871.0,0.797
Russian Federation,2010,Developing,68.4,256.0,15,11.05,162.8088054,97.0,129,57.5,17,98.0,6.83,97.0,0.2,1674.98771,142849449.0,0.773
Rwanda,2010,Developing,62.8,26.0,16,7.92,63.78723633,97.0,121,18.3,23,93.0,7.91,97.0,2.3,563.491487,1246842.0,0.454
Saint Lucia,2010,Developing,74.2,147.0,0,10.87,0.0,97.0,0,43.8,0,97.0,8.1,97.0,0.1,7483.158469138474,12753375.120052494,0.724
Saint Vincent and the Grenadines,2010,Developing,72.5,162.0,0,7.0,0.0,99.0,0,49.3,0,99.0,4.71,99.0,0.1,7483.158469138474,12753375.120052494,0.711
Samoa,2010,Developing,72.6,144.0,0,3.01,434.7940679,57.0,8,72.5,0,57.0,5.7,62.0,0.1,3453.487434,18625.0,0.69
Sao Tome and Principe,2010,Developing,66.2,24.0,0,5.58,63.04032682,98.0,0,26.9,0,98.0,5.24,98.0,0.5,1129.754961,174776.0,0.542
Saudi Arabia,2010,Developing,73.7,94.0,8,0.09,1197.946328,98.0,334,63.9,9,98.0,3.49,98.0,0.1,19259.58726,12753375.120052494,0.792
Senegal,2010,Developing,64.3,212.0,21,0.28,1.020071763,89.0,428,21.7,32,76.0,4.62,89.0,0.4,11.631377,12916229.0,0.449
Serbia,2010,Developing,74.4,128.0,1,9.65,774.4396617,89.0,20,57.0,1,91.0,1.9,91.0,0.1,5411.87744,7291436.0,0.755
Seychelles,2010,Developing,72.4,18.0,0,6.51,16.49232317,99.0,0,33.5,0,99.0,3.59,99.0,0.1,184.68447,8977.0,0.74
Sierra Leone,2010,Developing,48.1,424.0,27,3.84,5.347717533,86.0,1089,21.7,40,84.0,1.32,86.0,1.6,45.128418,645872.0,0.384
Singapore,2010,Developed,82.0,61.0,0,1.84,4540.543752,96.0,50,31.8,0,96.0,3.96,96.0,0.1,46569.67951,12753375.120052494,0.889
Slovakia,2010,Developed,75.1,124.0,0,10.13,0.0,99.0,0,55.9,0,99.0,8.51,99.0,0.1,7483.158469138474,12753375.120052494,0.822
Slovenia,2010,Developed,79.5,87.0,0,10.32,3187.496219,80.94046121593291,2,57.0,0,96.0,9.7,96.0,0.1,23437.4722,248583.0,0.872
Solomon Islands,2010,Developing,68.3,188.0,0,1.1,29.5207994,9.0,0,46.4,0,94.0,7.47,9.0,0.1,1272.44825,52779.0,0.492
Somalia,2010,Developing,52.4,336.0,52,0.01,0.0,80.94046121593291,115,22.0,83,49.0,5.9381895280235995,45.0,0.8,7483.158469138474,12753375.120052494,0.6275510645976182
South Africa,2010,Developing,58.0,428.0,43,7.28,1038.885632,71.0,12499,47.2,62,72.0,8.5,72.0,11.0,7362.76139,5979432.36,0.63
South Sudan,2010,Developing,55.0,359.0,27,4.602860787172012,0.0,80.94046121593291,0,38.321246556473824,41,82.55018842069202,5.9381895280235995,82.32408359027065,4.0,1562.239346,167192.0,0.0
Spain,2010,Developed,81.9,64.0,1,9.78,578.7417172,97.0,302,63.5,2,97.0,9.56,97.0,0.1,3736.228,46576897.0,0.86
Sri Lanka,2010,Developing,74.5,138.0,3,2.31,191.7267589,99.0,79,19.8,4,99.0,3.43,99.0,0.1,2819.511161,2119.0,0.739
Sudan,2010,Developing,62.5,243.0,62,1.77,172.0097884,75.0,680,38.321246556473824,92,9.0,7.97,9.0,0.3,1476.47887,34385963.0,0.461
Suriname,2010,Developing,73.0,19.0,0,5.26,99.08095375,86.0,0,54.8,0,96.0,5.81,96.0,0.5,833.31332,52613.0,0.7
Swaziland,2010,Developing,53.6,459.0,2,4.93,56.93670561,89.0,313,29.7,4,89.0,8.47,89.0,21.6,369.239336,122843.0,0.523
Sweden,2010,Developed,81.5,58.0,0,7.2,778.2477467,80.94046121593291,6,57.3,0,98.0,9.47,98.0,0.1,5276.25591,9378126.0,0.895
Switzerland,2010,Developed,82.3,57.0,0,10.01,2198.590865,80.94046121593291,77,55.4,0,96.0,11.7,95.0,0.1,74276.71842,782499.0,0.92
Syrian Arab Republic,2010,Developing,73.7,127.0,7,0.78,0.0,84.0,26,52.3,9,83.0,3.28,8.0,0.1,7483.158469138474,2118834.0,0.65
Tajikistan,2010,Developing,67.3,171.0,10,0.32,43.34099958,93.0,0,36.6,12,95.0,6.4,93.0,0.2,738.3475227,764163.0,0.603
Thailand,2010,Developing,73.9,158.0,10,5.95,71.6850913,98.0,2583,27.9,12,99.0,3.81,99.0,0.2,575.32176,672888.0,0.711
The former Yugoslav republic of Macedonia,2010,Developing,74.7,18.0,0,1.47,0.0,9.0,217,57.4,0,95.0,6.83,95.0,0.1,7483.158469138474,12753375.120052494,0.732
Timor-Leste,2010,Developing,66.9,163.0,2,0.1,38.58376645,72.0,50,15.5,3,72.0,0.92,72.0,0.1,849.8626972,119591.0,0.599
Togo,2010,Developing,57.4,323.0,14,1.21,41.96145465,83.0,120,21.4,21,83.0,5.37,83.0,3.8,487.9238913,652952.0,0.449
Tonga,2010,Developing,72.8,142.0,0,1.24,471.8307668,82.0,0,72.7,0,84.0,4.59,82.0,0.1,3547.59975,14137.0,0.707
Trinidad and Tobago,2010,Developing,74.0,179.0,0,6.5,1389.772683,9.0,0,42.0,0,91.0,5.29,9.0,0.4,16683.94578,13281.0,0.772
Tunisia,2010,Developing,74.8,12.0,3,1.28,64.85616718,98.0,1,56.5,3,98.0,6.54,98.0,0.1,414.15177,1639931.0,0.71
Turkey,2010,Developing,74.2,116.0,21,1.49,32.78235828,96.0,7,61.9,25,97.0,5.61,97.0,0.1,1672.5693,72326914.0,0.715
Turkmenistan,2010,Developing,65.8,211.0,7,2.48,385.325164,96.0,0,44.2,8,96.0,1.99,96.0,0.1,4439.23,58721.0,0.0
Uganda,2010,Developing,58.4,362.0,79,10.03,116.202964,8.0,1313,16.3,119,79.0,11.2,8.0,8.0,594.9972557,33915133.0,0.473
Ukraine,2010,Developing,69.8,212.0,5,8.39,375.6835376,48.0,39,58.5,6,57.0,7.81,52.0,0.2,2965.142365,45877.0,0.728
United Arab Emirates,2010,Developing,76.2,82.0,1,1.69,308.0660742,94.0,87,55.8,1,94.0,3.93,94.0,0.1,3549.14832,12753375.120052494,0.826
United Kingdom of Great Britain and Northern Ireland,2010,Developed,82.0,77.0,3,10.88,0.0,80.94046121593291,443,63.6,4,94.0,9.51,94.0,0.1,7483.158469138474,12753375.120052494,0.6275510645976182
United Republic of Tanzania,2010,Developing,57.5,36.0,89,4.19,0.0,91.0,167,2.7,131,94.0,5.3,91.0,4.6,7483.158469138474,12753375.120052494,0.6275510645976182
United States of America,2010,Developed,78.7,15.0,25,8.55,0.0,92.0,63,66.9,30,93.0,17.2,95.0,0.1,7483.158469138474,12753375.120052494,0.6275510645976182
Uruguay,2010,Developing,76.3,118.0,0,6.21,2331.532804,95.0,0,61.2,1,95.0,8.63,95.0,0.1,11938.212,3374415.0,0.777
Uzbekistan,2010,Developing,68.3,183.0,20,2.73,119.4571154,99.0,117,4.7,23,99.0,5.34,99.0,0.2,1377.8214,285624.0,0.657
Vanuatu,2010,Developing,71.0,145.0,0,0.91,471.8626525,62.0,0,49.1,0,66.0,4.71,65.0,0.1,2965.82434,236295.0,0.59
Venezuela (Bolivarian Republic of),2010,Developing,73.7,158.0,9,7.22,0.0,78.0,0,59.3,10,74.0,5.4,78.0,0.1,7483.158469138474,12753375.120052494,0.754
Viet Nam,2010,Developing,75.2,133.0,29,3.93,0.0,88.0,2809,14.0,35,94.0,6.36,93.0,0.1,7483.158469138474,12753375.120052494,0.647
Yemen,2010,Developing,64.4,233.0,35,0.06,0.0,76.0,510,37.2,45,77.0,5.17,76.0,0.1,7483.158469138474,12753375.120052494,0.488
Zambia,2010,Developing,58.0,363.0,30,2.47,184.3649102,83.0,15754,2.7,45,8.0,4.41,83.0,6.8,1463.213573,138533.0,0.533
Zimbabwe,2010,Developing,52.4,527.0,29,5.21,53.30858081,9.0,9696,29.4,44,89.0,5.37,89.0,15.7,713.63562,1486317.0,0.436
